id,barcode_plate,plate,well,amino_acid_substitutions,alignment_count,alignment_probability,average_mutation_frequency,p_value,p_adj_value,nt_sequence,aa_sequence,smiles_string,fitness_value,smiles_reaction,fitness_type,reaction_condition,ttn,yield,conversion,ton,tof,ee,selectivity
DEDBL2342,1,Enantiocomplementary Synthesis of γ-Nitroketones Using Designed and Evolved Carboligases,A1,#PARENT#,100,1,1,0.01,0.01,,MPRYLKGWLEDVVQLSLRRPSVHASRQRPIISLNERILEFNKRNITAIIAYYLRKSPSGLDVERDPIEYAKYMERYAVGLSIKTEEKYFNGSYEMLRKIASSVSIPILMNDFIVKESQIDDAYNLGADTVLLIVNILTERELESLLEYARSYGMEPLILINDENDLDIALRIGARFIVIFSMNFETGEINKENQRKLISMIPSNVVKVAHLDISERNEIEELRKLGVNAFLISSSLMRNPEKIKELIEGSLEHHHHHH,COC1=CC=C(C=C1)C(CC(C)=O)C[N+](=O)[O-],61,COC1=CC=C(C=C1)\C=C\[N+](=O)[O-].CC(C)=O>>COC1=CC=C(C=C1)C(CC(C)=O)C[N+](=O)[O-],yield,"reaction_temperature:29 °C;reaction_ph:6.5;reaction_other_conditions:in the dark, Enzyme concentration: 3 µM, Reaction time: 3-24 h;reaction_substrate_concentration:1a: 50-500 µM, Acetone: 2 M",,61.0,,,,,
DEDBL2343,1,Enantiocomplementary Synthesis of γ-Nitroketones Using Designed and Evolved Carboligases,A2,T53L_K210H,100,1,1,0.01,0.01,,MPRYLKGWLEDVVQLSLRRPSVHASRQRPIISLNERILEFNKRNITAIIAYYLRKSPSGLDVERDPIEYAKYMERYAVGLSIKTEEKYFNGSYEMLRKIASSVSIPILMNDFIVKESQIDDAYNLGADTVLLIVNILTERELESLLEYARSYGMEPLILINDENDLDIALRIGARFIVIFSMNFETGEINKENQRKLISMIPSNVVKVAHLDISERNEIEELRKLGVNAFLISSSLMRNPEKIKELIEGSLEHHHHHH,COC1=CC=C(C=C1)C(CC(C)=O)C[N+](=O)[O-],82,COC1=CC=C(C=C1)\C=C\[N+](=O)[O-].CC(C)=O>>COC1=CC=C(C=C1)C(CC(C)=O)C[N+](=O)[O-],yield,"reaction_temperature:29 °C;reaction_ph:6.5;reaction_other_conditions:in the dark, Enzyme concentration: 3 µM, Reaction time: 3-24 h;reaction_substrate_concentration:1a: 50-500 µM, Acetone: 2 M",,82.0,,,,,
DEDBL2344,1,Enantiocomplementary Synthesis of γ-Nitroketones Using Designed and Evolved Carboligases,A3,T53L_K210H,100,1,1,0.01,0.01,,MPRYLKGWLEDVVQLSLRRPSVHASRQRPIISLNERILEFNKRNITAIIAYYLRKSPSGLDVERDPIEYAKYMERYAVGLSIKTEEKYFNGSYEMLRKIASSVSIPILMNDFIVKESQIDDAYNLGADTVLLIVNILTERELESLLEYARSYGMEPLILINDENDLDIALRIGARFIVIFSMNFETGEINKENQRKLISMIPSNVVKVAHLDISERNEIEELRKLGVNAFLISSSLMRNPEKIKELIEGSLEHHHHHH,COC1=CC=C(C=C1)C(CC(C)=O)C[N+](=O)[O-],70,COC1=CC=C(C=C1)\C=C\[N+](=O)[O-].CC(C)=O>>COC1=CC=C(C=C1)C(CC(C)=O)C[N+](=O)[O-],yield,"reaction_temperature:29 °C;reaction_ph:6.5;reaction_other_conditions:in the dark, Enzyme concentration: 3 µM, Reaction time: 3-24 h;reaction_substrate_concentration:1a: 50-500 µM, Acetone: 2 M",,70.0,,,,,
DEDBL2345,1,Enantiocomplementary Synthesis of γ-Nitroketones Using Designed and Evolved Carboligases,A4,T53L_K210H,100,1,1,0.01,0.01,,MPRYLKGWLEDVVQLSLRRPSVHASRQRPIISLNERILEFNKRNITAIIAYYLRKSPSGLDVERDPIEYAKYMERYAVGLSIKTEEKYFNGSYEMLRKIASSVSIPILMNDFIVKESQIDDAYNLGADTVLLIVNILTERELESLLEYARSYGMEPLILINDENDLDIALRIGARFIVIFSMNFETGEINKENQRKLISMIPSNVVKVAHLDISERNEIEELRKLGVNAFLISSSLMRNPEKIKELIEGSLEHHHHHH,COC1=CC=C(C=C1)C(CC(C)=O)C[N+](=O)[O-],65,COC1=CC=C(C=C1)\C=C\[N+](=O)[O-].CC(C)=O>>COC1=CC=C(C=C1)C(CC(C)=O)C[N+](=O)[O-],yield,"reaction_temperature:29 °C;reaction_ph:6.5;reaction_other_conditions:in the dark, Enzyme concentration: 3 µM, Reaction time: 3-24 h;reaction_substrate_concentration:1a: 50-500 µM, Acetone: 2 M",,65.0,,,,,
DEDBL2346,1,Enantiocomplementary Synthesis of γ-Nitroketones Using Designed and Evolved Carboligases,A5,T53L_K210H,100,1,1,0.01,0.01,,MPRYLKGWLEDVVQLSLRRPSVHASRQRPIISLNERILEFNKRNITAIIAYYLRKSPSGLDVERDPIEYAKYMERYAVGLSIKTEEKYFNGSYEMLRKIASSVSIPILMNDFIVKESQIDDAYNLGADTVLLIVNILTERELESLLEYARSYGMEPLILINDENDLDIALRIGARFIVIFSMNFETGEINKENQRKLISMIPSNVVKVAHLDISERNEIEELRKLGVNAFLISSSLMRNPEKIKELIEGSLEHHHHHH,COC1=CC=C(C=C1)C(CC(C)=O)C[N+](=O)[O-],63,COC1=CC=C(C=C1)\C=C\[N+](=O)[O-].CC(C)=O>>COC1=CC=C(C=C1)C(CC(C)=O)C[N+](=O)[O-],yield,"reaction_temperature:29 °C;reaction_ph:6.5;reaction_other_conditions:in the dark, Enzyme concentration: 3 µM, Reaction time: 3-24 h;reaction_substrate_concentration:1a: 50-500 µM, Acetone: 2 M",,63.0,,,,,
DEDBL2347,1,Enantiocomplementary Synthesis of γ-Nitroketones Using Designed and Evolved Carboligases,A6,T53L_K210H,100,1,1,0.01,0.01,,MPRYLKGWLEDVVQLSLRRPSVHASRQRPIISLNERILEFNKRNITAIIAYYLRKSPSGLDVERDPIEYAKYMERYAVGLSIKTEEKYFNGSYEMLRKIASSVSIPILMNDFIVKESQIDDAYNLGADTVLLIVNILTERELESLLEYARSYGMEPLILINDENDLDIALRIGARFIVIFSMNFETGEINKENQRKLISMIPSNVVKVAHLDISERNEIEELRKLGVNAFLISSSLMRNPEKIKELIEGSLEHHHHHH,COC1=CC=C(C=C1)C(CC(C)=O)C[N+](=O)[O-],81,COC1=CC=C(C=C1)\C=C\[N+](=O)[O-].CC(C)=O>>COC1=CC=C(C=C1)C(CC(C)=O)C[N+](=O)[O-],yield,"reaction_temperature:29 °C;reaction_ph:6.5;reaction_other_conditions:in the dark, Enzyme concentration: 3 µM, Reaction time: 3-24 h;reaction_substrate_concentration:1a: 50-500 µM, Acetone: 2 M",,81.0,,,,,
DEDBL2348,1,Enantiocomplementary Synthesis of γ-Nitroketones Using Designed and Evolved Carboligases,A7,S233F,100,1,1,0.01,0.01,,MPRYLKGWLEDVVQLSLRRPSVHASRQRPIISLNERILEFNKRNITAIIAYYTRKSPSGLDVERDPIEYAKYMERYAVGLSIKTEEKYFNGSYEMLRKIASSVSIPILMNDFIVKESQIDDAYNLGADTVLLIVNILTERELESLLEYARSYGMEPLILINDENDLDIALRIGARFIVIFSMNFETGEINKENQRKLISMIPSNVVKVAKLDISERNEIEELRKLGVNAFLIFSSLMRNPEKIKELIEGSLEHHHHHH,COC1=CC=C(C=C1)C(CC(C)=O)C[N+](=O)[O-],84,COC1=CC=C(C=C1)\C=C\[N+](=O)[O-].CC(C)=O>>COC1=CC=C(C=C1)C(CC(C)=O)C[N+](=O)[O-],yield,"reaction_temperature:29 °C;reaction_ph:6.5;reaction_other_conditions:in the dark, Enzyme concentration: 3 µM, Reaction time: 3-24 h;reaction_substrate_concentration:1a: 50-500 µM, Acetone: 2 M",,84.0,,,,,
DEDBL2349,1,Enantiocomplementary Synthesis of γ-Nitroketones Using Designed and Evolved Carboligases,A8,S233F,100,1,1,0.01,0.01,,MPRYLKGWLEDVVQLSLRRPSVHASRQRPIISLNERILEFNKRNITAIIAYYTRKSPSGLDVERDPIEYAKYMERYAVGLSIKTEEKYFNGSYEMLRKIASSVSIPILMNDFIVKESQIDDAYNLGADTVLLIVNILTERELESLLEYARSYGMEPLILINDENDLDIALRIGARFIVIFSMNFETGEINKENQRKLISMIPSNVVKVAKLDISERNEIEELRKLGVNAFLIFSSLMRNPEKIKELIEGSLEHHHHHH,COC1=CC=C(C=C1)C(CC(C)=O)C[N+](=O)[O-],64,COC1=CC=C(C=C1)\C=C\[N+](=O)[O-].CC(C)=O>>COC1=CC=C(C=C1)C(CC(C)=O)C[N+](=O)[O-],yield,"reaction_temperature:29 °C;reaction_ph:6.5;reaction_other_conditions:in the dark, Enzyme concentration: 3 µM, Reaction time: 3-24 h;reaction_substrate_concentration:1a: 50-500 µM, Acetone: 2 M",,64.0,,,,,
DEDBL2350,1,Enantiocomplementary Synthesis of γ-Nitroketones Using Designed and Evolved Carboligases,A9,S233F,100,1,1,0.01,0.01,,MPRYLKGWLEDVVQLSLRRPSVHASRQRPIISLNERILEFNKRNITAIIAYYTRKSPSGLDVERDPIEYAKYMERYAVGLSIKTEEKYFNGSYEMLRKIASSVSIPILMNDFIVKESQIDDAYNLGADTVLLIVNILTERELESLLEYARSYGMEPLILINDENDLDIALRIGARFIVIFSMNFETGEINKENQRKLISMIPSNVVKVAKLDISERNEIEELRKLGVNAFLIFSSLMRNPEKIKELIEGSLEHHHHHH,COC1=CC=C(C=C1)C(CC(C)=O)C[N+](=O)[O-],65,COC1=CC=C(C=C1)\C=C\[N+](=O)[O-].CC(C)=O>>COC1=CC=C(C=C1)C(CC(C)=O)C[N+](=O)[O-],yield,"reaction_temperature:29 °C;reaction_ph:6.5;reaction_other_conditions:in the dark, Enzyme concentration: 3 µM, Reaction time: 3-24 h;reaction_substrate_concentration:1a: 50-500 µM, Acetone: 2 M",,65.0,,,,,
DEDBL2351,1,Enantiocomplementary Synthesis of γ-Nitroketones Using Designed and Evolved Carboligases,A10,S233F,100,1,1,0.01,0.01,,MPRYLKGWLEDVVQLSLRRPSVHASRQRPIISLNERILEFNKRNITAIIAYYTRKSPSGLDVERDPIEYAKYMERYAVGLSIKTEEKYFNGSYEMLRKIASSVSIPILMNDFIVKESQIDDAYNLGADTVLLIVNILTERELESLLEYARSYGMEPLILINDENDLDIALRIGARFIVIFSMNFETGEINKENQRKLISMIPSNVVKVAKLDISERNEIEELRKLGVNAFLIFSSLMRNPEKIKELIEGSLEHHHHHH,COC1=CC=C(C=C1)C(CC(C)=O)C[N+](=O)[O-],37,COC1=CC=C(C=C1)\C=C\[N+](=O)[O-].CC(C)=O>>COC1=CC=C(C=C1)C(CC(C)=O)C[N+](=O)[O-],yield,"reaction_temperature:29 °C;reaction_ph:6.5;reaction_other_conditions:in the dark, Enzyme concentration: 3 µM, Reaction time: 3-24 h;reaction_substrate_concentration:1a: 50-500 µM, Acetone: 2 M",,37.0,,,,,
DEDBL2352,1,Enantiocomplementary Synthesis of γ-Nitroketones Using Designed and Evolved Carboligases,A11,T53L_K210H,100,1,1,0.01,0.01,,MPRYLKGWLEDVVQLSLRRPSVHASRQRPIISLNERILEFNKRNITAIIAYYLRKSPSGLDVERDPIEYAKYMERYAVGLSIKTEEKYFNGSYEMLRKIASSVSIPILMNDFIVKESQIDDAYNLGADTVLLIVNILTERELESLLEYARSYGMEPLILINDENDLDIALRIGARFIVIFSMNFETGEINKENQRKLISMIPSNVVKVAHLDISERNEIEELRKLGVNAFLISSSLMRNPEKIKELIEGSLEHHHHHH,COC1=CC=C(C=C1)[C@@H](CC(C)=O)C[N+](=O)[O-],61,COC1=CC=C(C=C1)\C=C\[N+](=O)[O-].CC(C)=O>>COC1=CC=C(C=C1)[C@@H](CC(C)=O)C[N+](=O)[O-],yield,reaction_temperature:nan;reaction_ph:nan;reaction_other_conditions:nan;reaction_substrate_concentration:nan,,61.0,,,,,
DEDBL2353,1,Enantiocomplementary Synthesis of γ-Nitroketones Using Designed and Evolved Carboligases,A12,S233F,100,1,1,0.01,0.01,,MPRYLKGWLEDVVQLSLRRPSVHASRQRPIISLNERILEFNKRNITAIIAYYTRKSPSGLDVERDPIEYAKYMERYAVGLSIKTEEKYFNGSYEMLRKIASSVSIPILMNDFIVKESQIDDAYNLGADTVLLIVNILTERELESLLEYARSYGMEPLILINDENDLDIALRIGARFIVIFSMNFETGEINKENQRKLISMIPSNVVKVAKLDISERNEIEELRKLGVNAFLIFSSLMRNPEKIKELIEGSLEHHHHHH,COC1=CC=C(C=C1)[C@@H](CC(C)=O)C[N+](=O)[O-],84,COC1=CC=C(C=C1)\C=C\[N+](=O)[O-].CC(C)=O>>COC1=CC=C(C=C1)[C@@H](CC(C)=O)C[N+](=O)[O-],yield,reaction_temperature:nan;reaction_ph:nan;reaction_other_conditions:nan;reaction_substrate_concentration:nan,,84.0,,,,,
DEDBL2354,1,Enantiocomplementary Synthesis of γ-Nitroketones Using Designed and Evolved Carboligases,B1,S233F,100,1,1,0.01,0.01,,MPRYLKGWLEDVVQLSLRRPSVHASRQRPIISLNERILEFNKRNITAIIAYYTRKSPSGLDVERDPIEYAKYMERYAVGLSIKTEEKYFNGSYEMLRKIASSVSIPILMNDFIVKESQIDDAYNLGADTVLLIVNILTERELESLLEYARSYGMEPLILINDENDLDIALRIGARFIVIFSMNFETGEINKENQRKLISMIPSNVVKVAKLDISERNEIEELRKLGVNAFLIFSSLMRNPEKIKELIEGSLEHHHHHH,ClC1=CC=C(C=C1)[C@@H](CC(C)=O)C[N+](=O)[O-],64,ClC1=CC=C(C=C1)\C=C\[N+](=O)[O-].CC(C)=O>>ClC1=CC=C(C=C1)[C@@H](CC(C)=O)C[N+](=O)[O-],yield,reaction_temperature:nan;reaction_ph:nan;reaction_other_conditions:nan;reaction_substrate_concentration:nan,,64.0,,,,,
DEDBL2355,1,Enantiocomplementary Synthesis of γ-Nitroketones Using Designed and Evolved Carboligases,B2,S233F,100,1,1,0.01,0.01,,MPRYLKGWLEDVVQLSLRRPSVHASRQRPIISLNERILEFNKRNITAIIAYYTRKSPSGLDVERDPIEYAKYMERYAVGLSIKTEEKYFNGSYEMLRKIASSVSIPILMNDFIVKESQIDDAYNLGADTVLLIVNILTERELESLLEYARSYGMEPLILINDENDLDIALRIGARFIVIFSMNFETGEINKENQRKLISMIPSNVVKVAKLDISERNEIEELRKLGVNAFLIFSSLMRNPEKIKELIEGSLEHHHHHH,C1(=CC=CC=C1)[C@@H](CC(C)=O)C[N+](=O)[O-],65,[N+](=O)([O-])/C=C/C1=CC=CC=C1.CC(C)=O>>C1(=CC=CC=C1)[C@@H](CC(C)=O)C[N+](=O)[O-],yield,reaction_temperature:nan;reaction_ph:nan;reaction_other_conditions:nan;reaction_substrate_concentration:nan,,65.0,,,,,
DEDBL2356,1,Enantiocomplementary Synthesis of γ-Nitroketones Using Designed and Evolved Carboligases,B3,S233F,100,1,1,0.01,0.01,,MPRYLKGWLEDVVQLSLRRPSVHASRQRPIISLNERILEFNKRNITAIIAYYTRKSPSGLDVERDPIEYAKYMERYAVGLSIKTEEKYFNGSYEMLRKIASSVSIPILMNDFIVKESQIDDAYNLGADTVLLIVNILTERELESLLEYARSYGMEPLILINDENDLDIALRIGARFIVIFSMNFETGEINKENQRKLISMIPSNVVKVAKLDISERNEIEELRKLGVNAFLIFSSLMRNPEKIKELIEGSLEHHHHHH,COC=1C=C2C=CC(=CC2=CC1)[C@@H](CC(C)=O)C[N+](=O)[O-],37,COC=1C=C2C=CC(=CC2=CC1)\C=C\[N+](=O)[O-].CC(C)=O>>COC=1C=C2C=CC(=CC2=CC1)[C@@H](CC(C)=O)C[N+](=O)[O-],yield,reaction_temperature:nan;reaction_ph:nan;reaction_other_conditions:nan;reaction_substrate_concentration:nan,,37.0,,,,,
DEDBL2357,1,Enantiocomplementary Synthesis of γ-Nitroketones Using Designed and Evolved Carboligases,B4,T53L_K210H,100,1,1,0.01,0.01,,MPRYLKGWLEDVVQLSLRRPSVHASRQRPIISLNERILEFNKRNITAIIAYYLRKSPSGLDVERDPIEYAKYMERYAVGLSIKTEEKYFNGSYEMLRKIASSVSIPILMNDFIVKESQIDDAYNLGADTVLLIVNILTERELESLLEYARSYGMEPLILINDENDLDIALRIGARFIVIFSMNFETGEINKENQRKLISMIPSNVVKVAHLDISERNEIEELRKLGVNAFLISSSLMRNPEKIKELIEGSLEHHHHHH,COC1=CC=C(C=C1)[C@@H](CC(C)=O)C[N+](=O)[O-],82,COC1=CC=C(C=C1)/C=C/C(C)=O.[N+](=O)([O-])C>>COC1=CC=C(C=C1)[C@@H](CC(C)=O)C[N+](=O)[O-],yield,reaction_temperature:nan;reaction_ph:nan;reaction_other_conditions:nan;reaction_substrate_concentration:nan,,82.0,,,,,
DEDBL2358,1,Enantiocomplementary Synthesis of γ-Nitroketones Using Designed and Evolved Carboligases,B5,T53L_K210H,100,1,1,0.01,0.01,,MPRYLKGWLEDVVQLSLRRPSVHASRQRPIISLNERILEFNKRNITAIIAYYLRKSPSGLDVERDPIEYAKYMERYAVGLSIKTEEKYFNGSYEMLRKIASSVSIPILMNDFIVKESQIDDAYNLGADTVLLIVNILTERELESLLEYARSYGMEPLILINDENDLDIALRIGARFIVIFSMNFETGEINKENQRKLISMIPSNVVKVAHLDISERNEIEELRKLGVNAFLISSSLMRNPEKIKELIEGSLEHHHHHH,ClC1=CC=C(C=C1)[C@@H](CC(C)=O)C[N+](=O)[O-],70,ClC1=CC=C(C=C1)/C=C/C(C)=O.[N+](=O)([O-])C>>ClC1=CC=C(C=C1)[C@@H](CC(C)=O)C[N+](=O)[O-],yield,reaction_temperature:nan;reaction_ph:nan;reaction_other_conditions:nan;reaction_substrate_concentration:nan,,70.0,,,,,
DEDBL2359,1,Enantiocomplementary Synthesis of γ-Nitroketones Using Designed and Evolved Carboligases,B6,T53L_K210H,100,1,1,0.01,0.01,,MPRYLKGWLEDVVQLSLRRPSVHASRQRPIISLNERILEFNKRNITAIIAYYLRKSPSGLDVERDPIEYAKYMERYAVGLSIKTEEKYFNGSYEMLRKIASSVSIPILMNDFIVKESQIDDAYNLGADTVLLIVNILTERELESLLEYARSYGMEPLILINDENDLDIALRIGARFIVIFSMNFETGEINKENQRKLISMIPSNVVKVAHLDISERNEIEELRKLGVNAFLISSSLMRNPEKIKELIEGSLEHHHHHH,C1(=CC=CC=C1)[C@@H](CC(C)=O)C[N+](=O)[O-],65,[N+](=O)([O-])/C=C/C1=CC=CC=C1.CC(C)=O>>C1(=CC=CC=C1)[C@@H](CC(C)=O)C[N+](=O)[O-],yield,reaction_temperature:nan;reaction_ph:nan;reaction_other_conditions:nan;reaction_substrate_concentration:nan,,65.0,,,,,
DEDBL2360,1,Enantiocomplementary Synthesis of γ-Nitroketones Using Designed and Evolved Carboligases,B7,T53L_K210H,100,1,1,0.01,0.01,,MPRYLKGWLEDVVQLSLRRPSVHASRQRPIISLNERILEFNKRNITAIIAYYLRKSPSGLDVERDPIEYAKYMERYAVGLSIKTEEKYFNGSYEMLRKIASSVSIPILMNDFIVKESQIDDAYNLGADTVLLIVNILTERELESLLEYARSYGMEPLILINDENDLDIALRIGARFIVIFSMNFETGEINKENQRKLISMIPSNVVKVAHLDISERNEIEELRKLGVNAFLISSSLMRNPEKIKELIEGSLEHHHHHH,COC=1C=C2C=CC(=CC2=CC1)[C@@H](CC(C)=O)C[N+](=O)[O-],63,COC=1C=C2C=CC(=CC2=CC1)/C=C/C(C)=O.[N+](=O)([O-])C>>COC=1C=C2C=CC(=CC2=CC1)[C@@H](CC(C)=O)C[N+](=O)[O-],yield,reaction_temperature:nan;reaction_ph:nan;reaction_other_conditions:nan;reaction_substrate_concentration:nan,,63.0,,,,,
DEDBL2361,1,Enantiocomplementary Synthesis of γ-Nitroketones Using Designed and Evolved Carboligases,B8,T53L_K210H,100,1,1,0.01,0.01,,MPRYLKGWLEDVVQLSLRRPSVHASRQRPIISLNERILEFNKRNITAIIAYYLRKSPSGLDVERDPIEYAKYMERYAVGLSIKTEEKYFNGSYEMLRKIASSVSIPILMNDFIVKESQIDDAYNLGADTVLLIVNILTERELESLLEYARSYGMEPLILINDENDLDIALRIGARFIVIFSMNFETGEINKENQRKLISMIPSNVVKVAHLDISERNEIEELRKLGVNAFLISSSLMRNPEKIKELIEGSLEHHHHHH,COC1=CC=C(C=C1)[C@@H](CC(C)=O)C([N+](=O)[O-])(C)C,81,COC1=CC=C(C=C1)/C=C/C(C)=O.[N+](=O)([O-])C(C)C>>COC1=CC=C(C=C1)[C@@H](CC(C)=O)C([N+](=O)[O-])(C)C,yield,reaction_temperature:nan;reaction_ph:nan;reaction_other_conditions:nan;reaction_substrate_concentration:nan,,81.0,,,,,
DEDBL2362,1,Enantiocomplementary Synthesis of γ-Nitroketones Using Designed and Evolved Carboligases,B9,#PARENT#,100,1,1,0.01,0.01,,MPRYLKGWLEDVVQLSLRRPSVHASRQRPIISLNERILEFNKRNITAIIAYYTRKSPSGLDVERDPIEYAKYMERYAVGLSIKTEEKYFNGSYEMLRKIASSVSIPILMNDFIVKESQIDDAYNLGADTVLLIVNILTERELESLLEYARSYGMEPLILINDENDLDIALRIGARFIVIFSMNFETGEINKENQRKLISMIPSNVVKVAKLDISERNEIEELRKLGVNAFLISSSLMRNPEKIKELIEGSLEHHHHHH,COC1=CC=C(C=C1)[C@@H](CC(C)=O)C[N+](=O)[O-],0,COC1=CC=C(C=C1)\C=C\[N+](=O)[O-].CC(C)=O>>COC1=CC=C(C=C1)[C@@H](CC(C)=O)C[N+](=O)[O-],,reaction_temperature:nan;reaction_ph:nan;reaction_other_conditions:nan;reaction_substrate_concentration:nan,yield,0.0,,,,,
