id,barcode_plate,plate,well,amino_acid_substitutions,alignment_count,alignment_probability,average_mutation_frequency,p_value,p_adj_value,nt_sequence,aa_sequence,smiles_string,fitness_value,reaction_smiles,enzyme_form,substrate_concentration,activity_for_reaction_% (if applicable),TTN (if applicable),"selectivity(ee%),diastereo or chemo should be a separate smiles entry"
DEDB1217,1,Protoglobin-Catalyzed Formation of cis-Trifluoromethyl-Substituted Cyclopropanes by Carbene Transfer,A1,#PARENT#,100,1,1,0.01,0.01,ATGACTCCCTCGGACATCCCGGGATATGATTATGGGCGTGTCGAGAAGTCACCCATCACGGACCTTGAGTTTGACCTTCTGAAGAAGACTGTCATGTTAGGTGAAAAGGACGTAATGTACTTGAAAAAGGCGTGTGACGTTCTGAAAGATCAAGTTGATGAGATCCTTGACTTGCTTCAGGGTTGGGTAGCATCAAATGAGCATTTGATTTATTACTTCTCCAATCCGGATACAGGAGAGCCTATTAAGGAATACCTGGAACGTGTACGCGCTCGCTTTGGAGCCTGGATTCTGGACACTACCTGCCGCGACTATAACCGTGAATGGTTAGACTACCAGTACGAAGTTGGGCTTCGTCATCACCGTTCAAAGAAAGGGGTCACAGACGGAGTACGCACCGTGCCCCATATCCCACTTCGTTATCTTATCGCATTTATCTATCCTATCACCGCCACTATCAAGCCATTTTTGGCTAAGAAAGGTGGCTCTCCGGAAGACATCGAAGGGATGTACAACGCTTGGTTCAAGTCTGTAGTTTTACAAGTTGCCATCTGGTCACACCCTTATACTAAGGAGAATGACTGGCTCGAGCACCACCACCACCACCACTGA,MTPSDIPGYDYGRVEKSPITDLEFDLLKKTVMLGEKDVMYLKKACDVLKDQVDEILDLLQGWVASNEHLIYYFSNPDTGEPIKEYLERVRARFGAWILDTTCRDYNREWLDYQYEVGLRHHRSKKGVTDGVRTVPHIPLRYLIAFIYPITATIKPFLAKKGGSPEDIEGMYNAWFKSVVLQVAIWSHPYTKENDW,O=C(OCC2=CC=CC=C2)[C@@H]3C[C@@H]3C(F)(F)F,560.0,O=C(OCC1=CC=CC=C1)C=C.[N-]=[N+]=CC(F)(F)F>>O=C(OCC2=CC=CC=C2)[C@@H]3C[C@@H]3C(F)(F)F,lyophilized_whole_cell,10 mM,30,560,89%
DEDB1218,1,Protoglobin-Catalyzed Formation of cis-Trifluoromethyl-Substituted Cyclopropanes by Carbene Transfer,A2,W59L_Y60Q,100,1,1,0.01,0.01,ATGACTCCCTCGGACATCCCGGGATATGATTATGGGCGTGTCGAGAAGTCACCCATCACGGACCTTGAGTTTGACCTTCTGAAGAAGACTGTCATGTTAGGTGAAAAGGACGTAATGTACTTGAAAAAGGCGTGTGACGTTCTGAAAGATCAAGTTGATGAGATCCTTGACTTGCTTCAGGGTTGGGTAGCATCAAATGAGCATTTGATTTATTACTTCTCCAATCCGGATACAGGAGAGCCTATTAAGGAATACCTGGAACGTGTACGCGCTCGCTTTGGAGCCTGGATTCTGGACACTACCTGCCGCGACTATAACCGTGAATGGTTAGACTACCAGTACGAAGTTGGGCTTCGTCATCACCGTTCAAAGAAAGGGGTCACAGACGGAGTACGCACCGTGCCCCATATCCCACTTCGTTATCTTATCGCATTTATCTATCCTATCACCGCCACTATCAAGCCATTTTTGGCTAAGAAAGGTGGCTCTCCGGAAGACATCGAAGGGATGTACAACGCTTGGTTCAAGTCTGTAGTTTTACAAGTTGCCATCTGGTCACACCCTTATACTAAGGAGAATGACTGGCTCGAGCACCACCACCACCACCACTGA,MTPSDIPGYDYGRVEKSPITDLEFDLLKKTVMLGEKDVMYLKKACDVLKDQVDEILDLLQGWVASNEHLIYYFSNPDTGEPIKEYLERVRARFGAWILDTTCRDYNREWLDYQYEVGLRHHRSKKGVTDGVRTVPHIPLRYLIAFIYPITATIKPFLAKKGGSPEDIEGMYNAWFKSVVLQVAIWSHPYTKENDW,O=C([C@@]2(C[C@@H]2C(F)(F)F)C)OCC3=CC=CC=C3,650.0,O=C(C(C)=C)OCC1=CC=CC=C1.[N-]=[N+]=CC(F)(F)F>>O=C([C@@]2(C[C@@H]2C(F)(F)F)C)OCC3=CC=CC=C3,lyophilized_whole_cell,10 mM,35,650,80%
DEDB1219,1,Protoglobin-Catalyzed Formation of cis-Trifluoromethyl-Substituted Cyclopropanes by Carbene Transfer,A3,W59L_Y60Q,100,1,1,0.01,0.01,ATGACTCCCTCGGACATCCCGGGATATGATTATGGGCGTGTCGAGAAGTCACCCATCACGGACCTTGAGTTTGACCTTCTGAAGAAGACTGTCATGTTAGGTGAAAAGGACGTAATGTACTTGAAAAAGGCGTGTGACGTTCTGAAAGATCAAGTTGATGAGATCCTTGACTTGCTTCAGGGTTGGGTAGCATCAAATGAGCATTTGATTTATTACTTCTCCAATCCGGATACAGGAGAGCCTATTAAGGAATACCTGGAACGTGTACGCGCTCGCTTTGGAGCCTGGATTCTGGACACTACCTGCCGCGACTATAACCGTGAATGGTTAGACTACCAGTACGAAGTTGGGCTTCGTCATCACCGTTCAAAGAAAGGGGTCACAGACGGAGTACGCACCGTGCCCCATATCCCACTTCGTTATCTTATCGCATTTATCTATCCTATCACCGCCACTATCAAGCCATTTTTGGCTAAGAAAGGTGGCTCTCCGGAAGACATCGAAGGGATGTACAACGCTTGGTTCAAGTCTGTAGTTTTACAAGTTGCCATCTGGTCACACCCTTATACTAAGGAGAATGACTGGCTCGAGCACCACCACCACCACCACTGA,MTPSDIPGYDYGRVEKSPITDLEFDLLKKTVMLGEKDVMYLKKACDVLKDQVDEILDLLQGWVASNEHLIYYFSNPDTGEPIKEYLERVRARFGAWILDTTCRDYNREWLDYQYEVGLRHHRSKKGVTDGVRTVPHIPLRYLIAFIYPITATIKPFLAKKGGSPEDIEGMYNAWFKSVVLQVAIWSHPYTKENDW,FC([C@H]1C[C@@]1(C(OC)=O)CC(OC)=O)(F)F,570.0,C=C(C(OC)=O)CC(OC)=O.[N-]=[N+]=CC(F)(F)F>>FC([C@H]1C[C@@]1(C(OC)=O)CC(OC)=O)(F)F,lyophilized_whole_cell,10 mM,30,570,99%
DEDB1220,1,Protoglobin-Catalyzed Formation of cis-Trifluoromethyl-Substituted Cyclopropanes by Carbene Transfer,A4,W59L_Y60Q,100,1,1,0.01,0.01,ATGACTCCCTCGGACATCCCGGGATATGATTATGGGCGTGTCGAGAAGTCACCCATCACGGACCTTGAGTTTGACCTTCTGAAGAAGACTGTCATGTTAGGTGAAAAGGACGTAATGTACTTGAAAAAGGCGTGTGACGTTCTGAAAGATCAAGTTGATGAGATCCTTGACTTGCTTCAGGGTTGGGTAGCATCAAATGAGCATTTGATTTATTACTTCTCCAATCCGGATACAGGAGAGCCTATTAAGGAATACCTGGAACGTGTACGCGCTCGCTTTGGAGCCTGGATTCTGGACACTACCTGCCGCGACTATAACCGTGAATGGTTAGACTACCAGTACGAAGTTGGGCTTCGTCATCACCGTTCAAAGAAAGGGGTCACAGACGGAGTACGCACCGTGCCCCATATCCCACTTCGTTATCTTATCGCATTTATCTATCCTATCACCGCCACTATCAAGCCATTTTTGGCTAAGAAAGGTGGCTCTCCGGAAGACATCGAAGGGATGTACAACGCTTGGTTCAAGTCTGTAGTTTTACAAGTTGCCATCTGGTCACACCCTTATACTAAGGAGAATGACTGGCTCGAGCACCACCACCACCACCACTGA,MTPSDIPGYDYGRVEKSPITDLEFDLLKKTVMLGEKDVMYLKKACDVLKDQVDEILDLLQGWVASNEHLIYYFSNPDTGEPIKEYLERVRARFGAWILDTTCRDYNREWLDYQYEVGLRHHRSKKGVTDGVRTVPHIPLRYLIAFIYPITATIKPFLAKKGGSPEDIEGMYNAWFKSVVLQVAIWSHPYTKENDW,FC([C@H]2C[C@H]2C3=CC=CC=C3)(F)F,810.0,C=CC1=CC=CC=C1.[N-]=[N+]=CC(F)(F)F>>FC([C@H]2C[C@H]2C3=CC=CC=C3)(F)F,lyophilized_whole_cell,10 mM,43,810,17%
DEDB1221,1,Protoglobin-Catalyzed Formation of cis-Trifluoromethyl-Substituted Cyclopropanes by Carbene Transfer,A5,W59L_Y60Q,100,1,1,0.01,0.01,ATGACTCCCTCGGACATCCCGGGATATGATTATGGGCGTGTCGAGAAGTCACCCATCACGGACCTTGAGTTTGACCTTCTGAAGAAGACTGTCATGTTAGGTGAAAAGGACGTAATGTACTTGAAAAAGGCGTGTGACGTTCTGAAAGATCAAGTTGATGAGATCCTTGACTTGCTTCAGGGTTGGGTAGCATCAAATGAGCATTTGATTTATTACTTCTCCAATCCGGATACAGGAGAGCCTATTAAGGAATACCTGGAACGTGTACGCGCTCGCTTTGGAGCCTGGATTCTGGACACTACCTGCCGCGACTATAACCGTGAATGGTTAGACTACCAGTACGAAGTTGGGCTTCGTCATCACCGTTCAAAGAAAGGGGTCACAGACGGAGTACGCACCGTGCCCCATATCCCACTTCGTTATCTTATCGCATTTATCTATCCTATCACCGCCACTATCAAGCCATTTTTGGCTAAGAAAGGTGGCTCTCCGGAAGACATCGAAGGGATGTACAACGCTTGGTTCAAGTCTGTAGTTTTACAAGTTGCCATCTGGTCACACCCTTATACTAAGGAGAATGACTGGCTCGAGCACCACCACCACCACCACTGA,MTPSDIPGYDYGRVEKSPITDLEFDLLKKTVMLGEKDVMYLKKACDVLKDQVDEILDLLQGWVASNEHLIYYFSNPDTGEPIKEYLERVRARFGAWILDTTCRDYNREWLDYQYEVGLRHHRSKKGVTDGVRTVPHIPLRYLIAFIYPITATIKPFLAKKGGSPEDIEGMYNAWFKSVVLQVAIWSHPYTKENDW,FC([C@H]2C[C@H]2C3=CC=C(OC)C=C3)(F)F,220.0,C=CC1=CC=C(OC)C=C1.[N-]=[N+]=CC(F)(F)F>>FC([C@H]2C[C@H]2C3=CC=C(OC)C=C3)(F)F,lyophilized_whole_cell,10 mM,12,220,83%
DEDB1222,1,Protoglobin-Catalyzed Formation of cis-Trifluoromethyl-Substituted Cyclopropanes by Carbene Transfer,A6,W59L_Y60Q,100,1,1,0.01,0.01,ATGACTCCCTCGGACATCCCGGGATATGATTATGGGCGTGTCGAGAAGTCACCCATCACGGACCTTGAGTTTGACCTTCTGAAGAAGACTGTCATGTTAGGTGAAAAGGACGTAATGTACTTGAAAAAGGCGTGTGACGTTCTGAAAGATCAAGTTGATGAGATCCTTGACTTGCTTCAGGGTTGGGTAGCATCAAATGAGCATTTGATTTATTACTTCTCCAATCCGGATACAGGAGAGCCTATTAAGGAATACCTGGAACGTGTACGCGCTCGCTTTGGAGCCTGGATTCTGGACACTACCTGCCGCGACTATAACCGTGAATGGTTAGACTACCAGTACGAAGTTGGGCTTCGTCATCACCGTTCAAAGAAAGGGGTCACAGACGGAGTACGCACCGTGCCCCATATCCCACTTCGTTATCTTATCGCATTTATCTATCCTATCACCGCCACTATCAAGCCATTTTTGGCTAAGAAAGGTGGCTCTCCGGAAGACATCGAAGGGATGTACAACGCTTGGTTCAAGTCTGTAGTTTTACAAGTTGCCATCTGGTCACACCCTTATACTAAGGAGAATGACTGGCTCGAGCACCACCACCACCACCACTGA,MTPSDIPGYDYGRVEKSPITDLEFDLLKKTVMLGEKDVMYLKKACDVLKDQVDEILDLLQGWVASNEHLIYYFSNPDTGEPIKEYLERVRARFGAWILDTTCRDYNREWLDYQYEVGLRHHRSKKGVTDGVRTVPHIPLRYLIAFIYPITATIKPFLAKKGGSPEDIEGMYNAWFKSVVLQVAIWSHPYTKENDW,FC([C@H]2C[C@H]2C3=CC([N+]([O-])=O)=CC=C3)(F)F,1020.0,C=CC1=CC([N+]([O-])=O)=CC=C1.[N-]=[N+]=CC(F)(F)F>>FC([C@H]2C[C@H]2C3=CC([N+]([O-])=O)=CC=C3)(F)F,lyophilized_whole_cell,10 mM,55,1020,31%
DEDB1223,1,Protoglobin-Catalyzed Formation of cis-Trifluoromethyl-Substituted Cyclopropanes by Carbene Transfer,A7,W59L_Y60Q,100,1,1,0.01,0.01,ATGACTCCCTCGGACATCCCGGGATATGATTATGGGCGTGTCGAGAAGTCACCCATCACGGACCTTGAGTTTGACCTTCTGAAGAAGACTGTCATGTTAGGTGAAAAGGACGTAATGTACTTGAAAAAGGCGTGTGACGTTCTGAAAGATCAAGTTGATGAGATCCTTGACTTGCTTCAGGGTTGGGTAGCATCAAATGAGCATTTGATTTATTACTTCTCCAATCCGGATACAGGAGAGCCTATTAAGGAATACCTGGAACGTGTACGCGCTCGCTTTGGAGCCTGGATTCTGGACACTACCTGCCGCGACTATAACCGTGAATGGTTAGACTACCAGTACGAAGTTGGGCTTCGTCATCACCGTTCAAAGAAAGGGGTCACAGACGGAGTACGCACCGTGCCCCATATCCCACTTCGTTATCTTATCGCATTTATCTATCCTATCACCGCCACTATCAAGCCATTTTTGGCTAAGAAAGGTGGCTCTCCGGAAGACATCGAAGGGATGTACAACGCTTGGTTCAAGTCTGTAGTTTTACAAGTTGCCATCTGGTCACACCCTTATACTAAGGAGAATGACTGGCTCGAGCACCACCACCACCACCACTGA,MTPSDIPGYDYGRVEKSPITDLEFDLLKKTVMLGEKDVMYLKKACDVLKDQVDEILDLLQGWVASNEHLIYYFSNPDTGEPIKEYLERVRARFGAWILDTTCRDYNREWLDYQYEVGLRHHRSKKGVTDGVRTVPHIPLRYLIAFIYPITATIKPFLAKKGGSPEDIEGMYNAWFKSVVLQVAIWSHPYTKENDW,BrC(C=CC=C2)=C2[C@@H]3C[C@@H]3C(F)(F)F,780.0,C=CC1=C(Br)C=CC=C1.[N-]=[N+]=CC(F)(F)F>>BrC(C=CC=C2)=C2[C@@H]3C[C@@H]3C(F)(F)F,lyophilized_whole_cell,10 mM,42,780,23%
DEDB1224,1,Protoglobin-Catalyzed Formation of cis-Trifluoromethyl-Substituted Cyclopropanes by Carbene Transfer,A8,W59L_Y60Q,100,1,1,0.01,0.01,ATGACTCCCTCGGACATCCCGGGATATGATTATGGGCGTGTCGAGAAGTCACCCATCACGGACCTTGAGTTTGACCTTCTGAAGAAGACTGTCATGTTAGGTGAAAAGGACGTAATGTACTTGAAAAAGGCGTGTGACGTTCTGAAAGATCAAGTTGATGAGATCCTTGACTTGCTTCAGGGTTGGGTAGCATCAAATGAGCATTTGATTTATTACTTCTCCAATCCGGATACAGGAGAGCCTATTAAGGAATACCTGGAACGTGTACGCGCTCGCTTTGGAGCCTGGATTCTGGACACTACCTGCCGCGACTATAACCGTGAATGGTTAGACTACCAGTACGAAGTTGGGCTTCGTCATCACCGTTCAAAGAAAGGGGTCACAGACGGAGTACGCACCGTGCCCCATATCCCACTTCGTTATCTTATCGCATTTATCTATCCTATCACCGCCACTATCAAGCCATTTTTGGCTAAGAAAGGTGGCTCTCCGGAAGACATCGAAGGGATGTACAACGCTTGGTTCAAGTCTGTAGTTTTACAAGTTGCCATCTGGTCACACCCTTATACTAAGGAGAATGACTGGCTCGAGCACCACCACCACCACCACTGA,MTPSDIPGYDYGRVEKSPITDLEFDLLKKTVMLGEKDVMYLKKACDVLKDQVDEILDLLQGWVASNEHLIYYFSNPDTGEPIKEYLERVRARFGAWILDTTCRDYNREWLDYQYEVGLRHHRSKKGVTDGVRTVPHIPLRYLIAFIYPITATIKPFLAKKGGSPEDIEGMYNAWFKSVVLQVAIWSHPYTKENDW,FC([C@H]2C[C@H]2CC3=CC=CC=C3)(F)F,290.0,C=CCC1=CC=CC=C1.[N-]=[N+]=CC(F)(F)F>>FC([C@H]2C[C@H]2CC3=CC=CC=C3)(F)F,lyophilized_whole_cell,10 mM,15,290,96%
DEDB1225,1,Protoglobin-Catalyzed Formation of cis-Trifluoromethyl-Substituted Cyclopropanes by Carbene Transfer,A9,W59L_Y60Q,100,1,1,0.01,0.01,ATGACTCCCTCGGACATCCCGGGATATGATTATGGGCGTGTCGAGAAGTCACCCATCACGGACCTTGAGTTTGACCTTCTGAAGAAGACTGTCATGTTAGGTGAAAAGGACGTAATGTACTTGAAAAAGGCGTGTGACGTTCTGAAAGATCAAGTTGATGAGATCCTTGACTTGCTTCAGGGTTGGGTAGCATCAAATGAGCATTTGATTTATTACTTCTCCAATCCGGATACAGGAGAGCCTATTAAGGAATACCTGGAACGTGTACGCGCTCGCTTTGGAGCCTGGATTCTGGACACTACCTGCCGCGACTATAACCGTGAATGGTTAGACTACCAGTACGAAGTTGGGCTTCGTCATCACCGTTCAAAGAAAGGGGTCACAGACGGAGTACGCACCGTGCCCCATATCCCACTTCGTTATCTTATCGCATTTATCTATCCTATCACCGCCACTATCAAGCCATTTTTGGCTAAGAAAGGTGGCTCTCCGGAAGACATCGAAGGGATGTACAACGCTTGGTTCAAGTCTGTAGTTTTACAAGTTGCCATCTGGTCACACCCTTATACTAAGGAGAATGACTGGCTCGAGCACCACCACCACCACCACTGA,MTPSDIPGYDYGRVEKSPITDLEFDLLKKTVMLGEKDVMYLKKACDVLKDQVDEILDLLQGWVASNEHLIYYFSNPDTGEPIKEYLERVRARFGAWILDTTCRDYNREWLDYQYEVGLRHHRSKKGVTDGVRTVPHIPLRYLIAFIYPITATIKPFLAKKGGSPEDIEGMYNAWFKSVVLQVAIWSHPYTKENDW,CC2=CC=CC=C2C[C@@H]3C[C@@H]3C(F)(F)F,110.0,CC(CC1=CC=CC=C1)=C.[N-]=[N+]=CC(F)(F)F>>CC2=CC=CC=C2C[C@@H]3C[C@@H]3C(F)(F)F,lyophilized_whole_cell,10 mM,6,110,96%
DEDB1226,1,Protoglobin-Catalyzed Formation of cis-Trifluoromethyl-Substituted Cyclopropanes by Carbene Transfer,A10,W59L_Y60Q,100,1,1,0.01,0.01,ATGACTCCCTCGGACATCCCGGGATATGATTATGGGCGTGTCGAGAAGTCACCCATCACGGACCTTGAGTTTGACCTTCTGAAGAAGACTGTCATGTTAGGTGAAAAGGACGTAATGTACTTGAAAAAGGCGTGTGACGTTCTGAAAGATCAAGTTGATGAGATCCTTGACTTGCTTCAGGGTTGGGTAGCATCAAATGAGCATTTGATTTATTACTTCTCCAATCCGGATACAGGAGAGCCTATTAAGGAATACCTGGAACGTGTACGCGCTCGCTTTGGAGCCTGGATTCTGGACACTACCTGCCGCGACTATAACCGTGAATGGTTAGACTACCAGTACGAAGTTGGGCTTCGTCATCACCGTTCAAAGAAAGGGGTCACAGACGGAGTACGCACCGTGCCCCATATCCCACTTCGTTATCTTATCGCATTTATCTATCCTATCACCGCCACTATCAAGCCATTTTTGGCTAAGAAAGGTGGCTCTCCGGAAGACATCGAAGGGATGTACAACGCTTGGTTCAAGTCTGTAGTTTTACAAGTTGCCATCTGGTCACACCCTTATACTAAGGAGAATGACTGGCTCGAGCACCACCACCACCACCACTGA,MTPSDIPGYDYGRVEKSPITDLEFDLLKKTVMLGEKDVMYLKKACDVLKDQVDEILDLLQGWVASNEHLIYYFSNPDTGEPIKEYLERVRARFGAWILDTTCRDYNREWLDYQYEVGLRHHRSKKGVTDGVRTVPHIPLRYLIAFIYPITATIKPFLAKKGGSPEDIEGMYNAWFKSVVLQVAIWSHPYTKENDW,FC([C@H]2C[C@H]2OC3=CC=CC=C3)(F)F,870.0,C=COC1=CC=CC=C1.[N-]=[N+]=CC(F)(F)F>>FC([C@H]2C[C@H]2OC3=CC=CC=C3)(F)F,lyophilized_whole_cell,10 mM,46,870,?
DEDB1227,1,Protoglobin-Catalyzed Formation of cis-Trifluoromethyl-Substituted Cyclopropanes by Carbene Transfer,A11,Y60G_F73W,100,1,1,0.01,0.01,ATGACTCCCTCGGACATCCCGGGATATGATTATGGGCGTGTCGAGAAGTCACCCATCACGGACCTTGAGTTTGACCTTCTGAAGAAGACTGTCATGTTAGGTGAAAAGGACGTAATGTACTTGAAAAAGGCGTGTGACGTTCTGAAAGATCAAGTTGATGAGATCCTTGACTTGTGGGGTGGTTGGGTAGCATCAAATGAGCATTTGATTTATTACTGGTCCAATCCGGATACAGGAGAGCCTATTAAGGAATACCTGGAACGTGTACGCGCTCGCTTTGGAGCCTGGATTCTGGACACTACCTGCCGCGACTATAACCGTGAATGGTTAGACTACCAGTACGAAGTTGGGCTTCGTCATCACCGTTCAAAGAAAGGGGTCACAGACGGAGTACGCACCGTGCCCCATATCCCACTTCGTTATCTTATCGCATTTATCTATCCTATCACCGCCACTATCAAGCCATTTTTGGCTAAGAAAGGTGGCTCTCCGGAAGACATCGAAGGGATGTACAACGCTTGGTTCAAGTCTGTAGTTTTACAAGTTGCCATCTGGTCACACCCTTATACTAAGGAGAATGACTGGCTCGAGCACCACCACCACCACCACTGA,MTPSDIPGYDYGRVEKSPITDLEFDLLKKTVMLGEKDVMYLKKACDVLKDQVDEILDLWGGWVASNEHLIYYWSNPDTGEPIKEYLERVRARFGAWILDTTCRDYNREWLDYQYEVGLRHHRSKKGVTDGVRTVPHIPLRYLIAFIYPITATIKPFLAKKGGSPEDIEGMYNAWFKSVVLQVAIWSHPYTKENDW,O=C([C@@H]2C[C@@H]2C(F)(F)F)OCC3=CC=CC=C3,270.0,O=C(C=C)OCC1=CC=CC=C1.[N-]=[N+]=CC(F)(F)F>>O=C([C@@H]2C[C@@H]2C(F)(F)F)OCC3=CC=CC=C3,lyophilized_whole_cell,10 mM,6,270,-84%
